-- phpMyAdmin SQL Dump
-- version 5.2.1
-- https://www.phpmyadmin.net/
--
-- Host: 127.0.0.1
-- Generation Time: Oct 22, 2024 at 08:15 AM
-- Server version: 10.4.28-MariaDB
-- PHP Version: 8.2.4

SET SQL_MODE = "NO_AUTO_VALUE_ON_ZERO";
START TRANSACTION;
SET time_zone = "+00:00";


/*!40101 SET @OLD_CHARACTER_SET_CLIENT=@@CHARACTER_SET_CLIENT */;
/*!40101 SET @OLD_CHARACTER_SET_RESULTS=@@CHARACTER_SET_RESULTS */;
/*!40101 SET @OLD_COLLATION_CONNECTION=@@COLLATION_CONNECTION */;
/*!40101 SET NAMES utf8mb4 */;

--
-- Database: `pglife`
--

-- --------------------------------------------------------

--
-- Table structure for table `amenities`
--

CREATE TABLE `amenities` (
  `id` int(11) NOT NULL,
  `name` varchar(255) DEFAULT NULL,
  `type` varchar(255) DEFAULT NULL,
  `icon` varchar(255) DEFAULT NULL
) ENGINE=InnoDB DEFAULT CHARSET=utf8mb4 COLLATE=utf8mb4_general_ci;

--
-- Dumping data for table `amenities`
--

INSERT INTO `amenities` (`id`, `name`, `type`, `icon`) VALUES
(1, 'Wifi', 'Common Area', 'wifi'),
(2, 'Power Backup', 'Building', 'powerbackup'),
(3, 'Fire Extinguisher', 'Building', 'fireext'),
(4, 'TV', 'Common Area', 'tv'),
(5, 'Bed with Mattress', 'Bedroom', 'bed'),
(6, 'Parking', 'Building', 'parking'),
(7, 'Water Purifier', 'Common Area', 'rowater'),
(8, 'Dining', 'Common Area', 'dining'),
(9, 'Air Conditioner', 'Bedroom', 'ac'),
(10, 'Washing Machine', 'Common Area', 'washingmachine'),
(11, 'Lift', 'Building', 'lift'),
(12, 'CCTV', 'Building', 'cctv'),
(13, 'Geyser', 'Washroom', 'geyser');

-- --------------------------------------------------------

--
-- Table structure for table `cities`
--

CREATE TABLE `cities` (
  `id` int(11) NOT NULL,
  `name` varchar(255) DEFAULT NULL
) ENGINE=InnoDB DEFAULT CHARSET=utf8mb4 COLLATE=utf8mb4_general_ci;

--
-- Dumping data for table `cities`
--

INSERT INTO `cities` (`id`, `name`) VALUES
(1, 'Patiala'),
(2, 'Mumbai'),
(3, 'Bengaluru'),
(4, 'Hyderabad');

-- --------------------------------------------------------

--
-- Table structure for table `interested_users_properties`
--

CREATE TABLE `interested_users_properties` (
  `id` int(11) NOT NULL,
  `user_id` int(11) DEFAULT NULL,
  `property_id` int(11) DEFAULT NULL
) ENGINE=InnoDB DEFAULT CHARSET=utf8mb4 COLLATE=utf8mb4_general_ci;

--
-- Dumping data for table `interested_users_properties`
--

INSERT INTO `interested_users_properties` (`id`, `user_id`, `property_id`) VALUES
(1, 1, 1),
(2, 1, 2),
(3, 1, 5),
(4, 2, 1),
(5, 2, 5),
(6, 3, 1),
(7, 3, 2),
(8, 3, 5),
(9, 4, 2),
(10, 4, 3),
(11, 4, 4);

-- --------------------------------------------------------

--
-- Table structure for table `properties`
--

CREATE TABLE `properties` (
  `id` int(11) NOT NULL,
  `city_id` int(11) NOT NULL,
  `name` varchar(255) DEFAULT NULL,
  `address` varchar(255) DEFAULT NULL,
  `description` varchar(255) DEFAULT NULL,
  `gender` varchar(255) DEFAULT NULL,
  `rent` float DEFAULT NULL,
  `rating_clean` float DEFAULT NULL,
  `rating_food` float DEFAULT NULL,
  `rating_safety` float DEFAULT NULL,
  `images` text DEFAULT NULL
) ENGINE=InnoDB DEFAULT CHARSET=utf8mb4 COLLATE=utf8mb4_general_ci;

--
-- Dumping data for table `properties`
--

INSERT INTO `properties` (`id`, `city_id`, `name`, `address`, `description`, `gender`, `rent`, `rating_clean`, `rating_food`, `rating_safety`, `images`) VALUES
(1, 1, 'Saxena\'s Paying Guest', 'H.No. 395 Adarsh Nagar, Patiala, Punjab 147001', 'Furnished studio apartment - share it with close friends! Located in posh area of Bijwasan in Delhi, this house is available for both boys and girls. Go for a private room or opt for a shared one and make it your own abode. Go out with your new friends - ', 'male', 5000, 4.3, 3.4, 4.8, NULL),
(2, 1, 'Navrang PG Home', '644-C,Urban estate , Patiala, Punjab 147002', 'Furnished studio apartment - share it with close friends! Located in posh area of Bijwasan in Delhi, this house is available for both boys and girls. Go for a private room or opt for a shared one and make it your own abode. Go out with your new friends - ', 'unisex', 6000, 2.9, 3.4, 3.8, NULL),
(3, 2, 'Navkar Paying Guest', '44, Juhu Scheme, Juhu, Mumbai, Maharashtra 400058', 'Furnished studio apartment - share it with close friends! Located in posh area of Bijwasan in Delhi, this house is available for both boys and girls. Go for a private room or opt for a shared one and make it your own abode. Go out with your new friends - ', 'female', 9500, 3.9, 3.8, 4.9, NULL),
(4, 2, 'PG for Girls Borivali West', 'Plot no.258/D4, Gorai no.2, Borivali West, Mumbai, Maharashtra 400092', 'Furnished studio apartment - share it with close friends! Located in posh area of Bijwasan in Delhi, this house is available for both boys and girls. Go for a private room or opt for a shared one and make it your own abode. Go out with your new friends - ', 'female', 8000, 4.2, 4.1, 4.5, NULL),
(5, 2, 'Ganpati Paying Guest', 'Police Beat, Sainath Complex, Besides, SV Rd, Daulat Nagar, Borivali East, Mumbai - 400066', 'Furnished studio apartment - share it with close friends! Located in posh area of Bijwasan in Delhi, this house is available for both boys and girls. Go for a private room or opt for a shared one and make it your own abode. Go out with your new friends - ', 'male', 8500, 4.2, 3.9, 4.6, NULL);

-- --------------------------------------------------------

--
-- Table structure for table `properties_amenities`
--

CREATE TABLE `properties_amenities` (
  `id` int(11) NOT NULL,
  `property_id` int(11) DEFAULT NULL,
  `amenity_id` int(11) DEFAULT NULL
) ENGINE=InnoDB DEFAULT CHARSET=utf8mb4 COLLATE=utf8mb4_general_ci;

--
-- Dumping data for table `properties_amenities`
--

INSERT INTO `properties_amenities` (`id`, `property_id`, `amenity_id`) VALUES
(1, 1, 1),
(2, 1, 2),
(3, 1, 4),
(4, 1, 5),
(5, 1, 7),
(6, 1, 8),
(7, 1, 9),
(8, 1, 10),
(9, 1, 11),
(10, 1, 13),
(11, 2, 1),
(12, 2, 2),
(13, 2, 3),
(14, 2, 4),
(15, 2, 5),
(16, 2, 7),
(17, 2, 8),
(18, 2, 9),
(19, 2, 10),
(20, 2, 11),
(21, 2, 13),
(22, 3, 1),
(23, 3, 2),
(24, 3, 3),
(25, 3, 4),
(26, 3, 5),
(27, 3, 7),
(28, 3, 8),
(29, 3, 10),
(30, 3, 11),
(31, 3, 12),
(32, 3, 13),
(33, 4, 1),
(34, 4, 3),
(35, 4, 4),
(36, 4, 5),
(37, 4, 7),
(38, 4, 8),
(39, 4, 10),
(40, 4, 11),
(41, 4, 12),
(42, 4, 13),
(43, 5, 1),
(44, 5, 3),
(45, 5, 4),
(46, 5, 5),
(47, 5, 7),
(48, 5, 8),
(49, 5, 10),
(50, 5, 11),
(51, 5, 12),
(52, 5, 13);

-- --------------------------------------------------------

--
-- Table structure for table `testimonials`
--

CREATE TABLE `testimonials` (
  `id` int(11) NOT NULL,
  `property_id` int(11) NOT NULL,
  `user_name` varchar(255) DEFAULT NULL,
  `content` varchar(255) DEFAULT NULL
) ENGINE=InnoDB DEFAULT CHARSET=utf8mb4 COLLATE=utf8mb4_general_ci;

--
-- Dumping data for table `testimonials`
--

INSERT INTO `testimonials` (`id`, `property_id`, `user_name`, `content`) VALUES
(1, 1, 'Ashutosh Gowariker', 'You just have to arrive at the place, it\'s fully furnished and stocked with all basic amenities and services and even your friends are welcome.'),
(2, 1, 'Karan Johar', 'You just have to arrive at the place, it\'s fully furnished and stocked with all basic amenities and services and even your friends are welcome.'),
(3, 2, 'Zoya Akhtar', 'You just have to arrive at the place, it\'s fully furnished and stocked with all basic amenities and services and even your friends are welcome.'),
(4, 2, 'Farhan Akhtar', 'You just have to arrive at the place, it\'s fully furnished and stocked with all basic amenities and services and even your friends are welcome.'),
(5, 2, 'Anurag Kashyap', 'You just have to arrive at the place, it\'s fully furnished and stocked with all basic amenities and services and even your friends are welcome.'),
(6, 3, 'Mira Nair', 'You just have to arrive at the place, it\'s fully furnished and stocked with all basic amenities and services and even your friends are welcome.'),
(7, 3, 'Meghna Gulzar', 'You just have to arrive at the place, it\'s fully furnished and stocked with all basic amenities and services and even your friends are welcome.'),
(8, 4, 'Farah Khan', 'You just have to arrive at the place, it\'s fully furnished and stocked with all basic amenities and services and even your friends are welcome.'),
(9, 5, 'Rajkumar Hirani', 'You just have to arrive at the place, it\'s fully furnished and stocked with all basic amenities and services and even your friends are welcome.'),
(10, 5, 'Sanjay Leela Bhansali', 'You just have to arrive at the place, it\'s fully furnished and stocked with all basic amenities and services and even your friends are welcome.');

-- --------------------------------------------------------

--
-- Table structure for table `users`
--

CREATE TABLE `users` (
  `id` int(11) NOT NULL,
  `email` varchar(255) DEFAULT NULL,
  `PASSWORD` varchar(255) DEFAULT NULL,
  `full_name` varchar(255) DEFAULT NULL,
  `phone` int(11) DEFAULT NULL,
  `gender` varchar(255) DEFAULT NULL,
  `college_name` varchar(255) DEFAULT NULL
) ENGINE=InnoDB DEFAULT CHARSET=utf8mb4 COLLATE=utf8mb4_general_ci;

--
-- Dumping data for table `users`
--

INSERT INTO `users` (`id`, `email`, `PASSWORD`, `full_name`, `phone`, `gender`, `college_name`) VALUES
(1, 'anuj.kalbalia@gmail.com', 'b1b3773a05c0ed0176787a4f1574ff0075f7521e', 'Anuj Kalbalia', 2147483647, 'male', 'NITD'),
(2, 'shadab@gmail.com', 'b1b3773a05c0ed0176787a4f1574ff0075f7521e', 'Shadab Alam', 2147483647, 'male', 'NITJ'),
(3, 'aditya@gmail.com', '1234567890', 'Aditya Sood', 2147483647, 'male', 'Chandigarh University'),
(4, 'radhika@gmail.com', 'b1b3773a05c0ed0176787a4f1574ff0075f7521e', 'Radhika Bhatia', 2147483647, 'female', 'Delhi University'),
(13, 'ksobti18@thapar.edu', 'ac990ed1b6d343d5cc725a701466363e7357a2ee', 'kanav sobti', 904176128, 'female', 'thapar patiala'),
(14, 'nmsax ', 'bf758b82e2bfe6d584136cd029f7b1f5926beccd', 'sjnksa', 0, '', '');

--
-- Indexes for dumped tables
--

--
-- Indexes for table `amenities`
--
ALTER TABLE `amenities`
  ADD PRIMARY KEY (`id`);

--
-- Indexes for table `cities`
--
ALTER TABLE `cities`
  ADD PRIMARY KEY (`id`);

--
-- Indexes for table `interested_users_properties`
--
ALTER TABLE `interested_users_properties`
  ADD PRIMARY KEY (`id`),
  ADD KEY `user_id` (`user_id`),
  ADD KEY `property_id` (`property_id`);

--
-- Indexes for table `properties`
--
ALTER TABLE `properties`
  ADD PRIMARY KEY (`id`);

--
-- Indexes for table `properties_amenities`
--
ALTER TABLE `properties_amenities`
  ADD PRIMARY KEY (`id`),
  ADD KEY `amenity_id` (`amenity_id`),
  ADD KEY `property_id` (`property_id`);

--
-- Indexes for table `testimonials`
--
ALTER TABLE `testimonials`
  ADD PRIMARY KEY (`id`);

--
-- Indexes for table `users`
--
ALTER TABLE `users`
  ADD PRIMARY KEY (`id`);

--
-- AUTO_INCREMENT for dumped tables
--

--
-- AUTO_INCREMENT for table `amenities`
--
ALTER TABLE `amenities`
  MODIFY `id` int(11) NOT NULL AUTO_INCREMENT, AUTO_INCREMENT=14;

--
-- AUTO_INCREMENT for table `cities`
--
ALTER TABLE `cities`
  MODIFY `id` int(11) NOT NULL AUTO_INCREMENT, AUTO_INCREMENT=5;

--
-- AUTO_INCREMENT for table `interested_users_properties`
--
ALTER TABLE `interested_users_properties`
  MODIFY `id` int(11) NOT NULL AUTO_INCREMENT, AUTO_INCREMENT=12;

--
-- AUTO_INCREMENT for table `properties`
--
ALTER TABLE `properties`
  MODIFY `id` int(11) NOT NULL AUTO_INCREMENT, AUTO_INCREMENT=6;

--
-- AUTO_INCREMENT for table `properties_amenities`
--
ALTER TABLE `properties_amenities`
  MODIFY `id` int(11) NOT NULL AUTO_INCREMENT, AUTO_INCREMENT=53;

--
-- AUTO_INCREMENT for table `testimonials`
--
ALTER TABLE `testimonials`
  MODIFY `id` int(11) NOT NULL AUTO_INCREMENT, AUTO_INCREMENT=11;

--
-- AUTO_INCREMENT for table `users`
--
ALTER TABLE `users`
  MODIFY `id` int(11) NOT NULL AUTO_INCREMENT, AUTO_INCREMENT=15;

--
-- Constraints for dumped tables
--

--
-- Constraints for table `cities`
--
ALTER TABLE `cities`
  ADD CONSTRAINT `cities_ibfk_1` FOREIGN KEY (`id`) REFERENCES `properties` (`id`);

--
-- Constraints for table `interested_users_properties`
--
ALTER TABLE `interested_users_properties`
  ADD CONSTRAINT `interested_users_properties_ibfk_1` FOREIGN KEY (`user_id`) REFERENCES `users` (`id`),
  ADD CONSTRAINT `interested_users_properties_ibfk_2` FOREIGN KEY (`property_id`) REFERENCES `properties` (`id`);

--
-- Constraints for table `properties_amenities`
--
ALTER TABLE `properties_amenities`
  ADD CONSTRAINT `properties_amenities_ibfk_1` FOREIGN KEY (`amenity_id`) REFERENCES `amenities` (`id`),
  ADD CONSTRAINT `properties_amenities_ibfk_2` FOREIGN KEY (`property_id`) REFERENCES `properties` (`id`);
COMMIT;

/*!40101 SET CHARACTER_SET_CLIENT=@OLD_CHARACTER_SET_CLIENT */;
/*!40101 SET CHARACTER_SET_RESULTS=@OLD_CHARACTER_SET_RESULTS */;
/*!40101 SET COLLATION_CONNECTION=@OLD_COLLATION_CONNECTION */;
